CustomerID,FirstName,LastName,Email,Region,SignupDate,ReferralCustomerID
C01,Sola,Eze,sola.eze10@gmail.com,Kwara,2025-02-18,
C02,Aisha,Mohammed,aisha.mohammed56@gmail.com,Cross River,2025-02-05,C01
C03,Aisha,Oke,aisha.oke81@gmail.com,Osun,2025-02-01,
C04,Amaka,Balogun,amaka.balogun72@zenithtech.com,Rivers,2025-05-29,
C05,David,Adeyemi,david.adeyemi14@gmail.com,Osun,2025-10-20,
C06,Uche,Adeyemi,uche.adeyemi73@gmail.com,Abuja FCT,2025-11-13,C05
C07,Hassan,Ogunleye,hassan.ogunleye47@yahoo.com,Enugu,2025-05-08,
C08,Ifeoma,Abubakar,ifeoma.abubakar44@yahoo.com,Plateau,2025-05-28,
C09,Tunde,Adeyemi,tunde.adeyemi97@gmail.com,Anambra,2025-03-19,
C10,Hassan,Balogun,hassan.balogun98@zenithtech.com,Kwara,2025-10-21,
C11,Sola,Ogunleye,sola.ogunleye75@yahoo.com,Plateau,2025-02-05,
C12,Bola,Ojo,bola.ojo8@gmail.com,Enugu,2025-11-28,
C13,Maryam,Nwankwo,maryam.nwankwo3@yahoo.com,Plateau,2025-07-01,C02
C14,Abdul,Balogun,abdul.balogun17@yahoo.com,Kaduna,2025-07-23,
C15,Abdul,Abubakar,abdul.abubakar71@yahoo.com,Kano,2025-03-12,
C16,David,Ibrahim,david.ibrahim88@yahoo.com,Akwa Ibom,2025-04-29,C03
C17,Fatima,Olawale,fatima.olawale63@gmail.com,Osun,2025-04-04,C01
C18,Fatima,Afolabi,fatima.afolabi17@yahoo.com,Niger,2025-11-13,
C19,Aisha,Chukwu,aisha.chukwu51@lagostrade.com,Akwa Ibom,2025-07-21,C13
C20,Aisha,Bello,aisha.bello57@gmail.com,Delta,2025-02-26,C02
C21,Chinedu,Okafor,chinedu.okafor47@gmail.com,Ekiti,2025-01-14,C07
C22,Joy,Onyeka,joy.onyeka45@yahoo.com,Ekiti,2025-07-06,
C23,Chinedu,Ojo,chinedu.ojo62@lagostrade.com,Benue,2025-06-09,C04
C24,Sola,Ibrahim,sola.ibrahim67@gmail.com,Lagos,2025-04-16,
C25,Grace,Lawal,grace.lawal98@gmail.com,Niger,2025-06-02,
C26,Tunde,Ibrahim,tunde.ibrahim46@gmail.com,Kaduna,2025-09-30,
C27,Grace,Ogunleye,grace.ogunleye31@gmail.com,Akwa Ibom,2025-04-27,C16
C28,Uche,Okafor,uche.okafor61@afrilogistics.com,Kano,2025-04-10,
C29,Uche,Chukwu,uche.chukwu47@afrilogistics.com,Ogun,2025-04-23,C16
C30,Ngozi,Ogunleye,ngozi.ogunleye62@gmail.com,Imo,2025-11-26,C22
C31,Chinedu,Onyeka,chinedu.onyeka62@naijacorp.com,Delta,2025-08-11,
C32,Sola,Abubakar,sola.abubakar60@lagostrade.com,Akwa Ibom,2025-02-13,
C33,Sadiq,Eze,sadiq.eze84@yahoo.com,Rivers,2025-11-10,
C34,Abdul,Lawal,abdul.lawal3@gmail.com,Lagos,2025-11-29,C09
C35,Hassan,Bello,hassan.bello4@naijacorp.com,Kano,2025-04-19,C16
C36,Samuel,Ogunleye,samuel.ogunleye17@yahoo.com,Abuja FCT,2025-07-01,
C37,Samuel,Mohammed,samuel.mohammed69@gmail.com,Rivers,2025-09-26,
C38,Maryam,Okeke,maryam.okeke23@gmail.com,Rivers,2025-08-31,
C39,Chinedu,Usman,chinedu.usman14@yahoo.com,Kwara,2025-01-30,C18
C40,Aisha,Adeyemi,aisha.adeyemi98@gmail.com,Ogun,2025-08-15,C33
C41,Joy,Mohammed,joy.mohammed58@yahoo.com,Niger,2025-10-01,
C42,Grace,Olawale,grace.olawale72@yahoo.com,Edo,2025-08-18,C08
C43,Amaka,Chukwu,amaka.chukwu55@gmail.com,Ogun,2025-04-19,
C44,Chinedu,Eze,chinedu.eze19@afrilogistics.com,Kano,2025-03-12,
C45,Ifeoma,Adeyemi,ifeoma.adeyemi21@yahoo.com,Kaduna,2025-03-24,
C46,Grace,Onyeka,grace.onyeka46@gmail.com,Anambra,2025-02-17,
C47,Emeka,Ogunleye,emeka.ogunleye91@yahoo.com,Lagos,2025-07-16,C40
C48,Kunle,Mohammed,kunle.mohammed30@zenithtech.com,Oyo,2025-02-13,C03
C49,Sadiq,Ibrahim,sadiq.ibrahim87@lagostrade.com,Kano,2025-07-27,C33
C50,Samuel,Ojo,samuel.ojo36@gmail.com,Abuja FCT,2025-12-19,C05
C51,Bola,Okafor,bola.okafor11@yahoo.com,Ekiti,2025-04-24,C08
C52,Maryam,Okafor,maryam.okafor35@yahoo.com,Ekiti,2025-03-08,C46
C53,Ifeoma,Adeyemi,ifeoma.adeyemi7@afrilogistics.com,Delta,2025-04-14,
C54,Kunle,Mohammed,kunle.mohammed58@afrilogistics.com,Niger,2025-12-11,C23
C55,Emeka,Ibrahim,emeka.ibrahim94@gmail.com,Niger,2025-10-10,
C56,Grace,Ojo,grace.ojo14@yahoo.com,Cross River,2025-12-03,
C57,Amaka,Mohammed,amaka.mohammed30@gmail.com,Anambra,2025-04-12,
C58,Fatima,Onyeka,fatima.onyeka17@zenithtech.com,Lagos,2025-02-06,
C59,Bola,Afolabi,bola.afolabi86@gmail.com,Akwa Ibom,2025-09-17,
C60,Kunle,Adewale,kunle.adewale6@yahoo.com,Plateau,2025-04-05,C29
C61,Emeka,Ibrahim,emeka.ibrahim71@yahoo.com,Anambra,2025-05-06,C57
C62,Kunle,Bello,kunle.bello43@gmail.com,Akwa Ibom,2025-02-12,
C63,Grace,Bello,grace.bello12@gmail.com,Kano,2025-02-15,C38
C64,Aisha,Onyeka,aisha.onyeka81@yahoo.com,Kaduna,2025-02-13,
C65,Grace,Eze,grace.eze98@yahoo.com,Anambra,2025-09-11,C19
C66,Aisha,Mohammed,aisha.mohammed68@gmail.com,Niger,2025-10-19,
C67,Emeka,Oke,emeka.oke11@naijacorp.com,Lagos,2025-01-22,C47
C68,Chinedu,Onyeka,chinedu.onyeka81@zenithtech.com,Lagos,2025-11-17,
C69,Ifeoma,Ojo,ifeoma.ojo9@yahoo.com,Niger,2025-10-02,C68
C70,Tunde,Ojo,tunde.ojo34@gmail.com,Kaduna,2025-04-16,C59
C71,Abdul,Onyeka,abdul.onyeka99@yahoo.com,Abuja FCT,2025-11-12,
C72,Ngozi,Abubakar,ngozi.abubakar33@yahoo.com,Enugu,2025-11-15,
C73,Emeka,Ojo,emeka.ojo87@yahoo.com,Oyo,2025-12-21,C63
C74,Kunle,Mohammed,kunle.mohammed60@yahoo.com,Oyo,2025-10-09,C11
C75,Abdul,Okafor,abdul.okafor65@gmail.com,Plateau,2025-05-18,
C76,Ngozi,Abubakar,ngozi.abubakar96@gmail.com,Niger,2025-05-15,
C77,Fatima,Adewale,fatima.adewale15@afrilogistics.com,Imo,2025-04-29,
C78,Abdul,Onyeka,abdul.onyeka63@gmail.com,Plateau,2025-07-27,C19
C79,Hassan,Lawal,hassan.lawal43@gmail.com,Lagos,2025-06-16,
C80,Amaka,Adeyemi,amaka.adeyemi92@naijacorp.com,Lagos,2025-05-29,C09
C81,Amaka,Onyeka,amaka.onyeka47@zenithtech.com,Cross River,2025-05-21,
C82,Bola,Adeyemi,bola.adeyemi82@yahoo.com,Rivers,2025-05-08,
C83,Hassan,Mohammed,hassan.mohammed55@yahoo.com,Lagos,2025-11-20,
C84,David,Usman,david.usman7@gmail.com,Cross River,2025-08-19,
C85,Fatima,Nwankwo,fatima.nwankwo22@gmail.com,Benue,2025-08-01,C39
C86,Bola,Ibrahim,bola.ibrahim39@gmail.com,Benue,2025-10-13,
C87,Chinedu,Okeke,chinedu.okeke27@gmail.com,Niger,2025-09-12,
C88,Maryam,Ogunleye,maryam.ogunleye55@lagostrade.com,Rivers,2025-10-08,C12
C89,Sadiq,Ogunleye,sadiq.ogunleye31@yahoo.com,Imo,2025-05-13,
C90,Ngozi,Okafor,ngozi.okafor50@yahoo.com,Cross River,2025-09-26,C35
C91,Sola,Balogun,sola.balogun17@yahoo.com,Niger,2025-09-28,
C92,Ngozi,Abubakar,ngozi.abubakar50@gmail.com,Akwa Ibom,2025-11-27,
C93,Kunle,Okafor,kunle.okafor91@yahoo.com,Benue,2025-10-28,
C94,Tunde,Onyeka,tunde.onyeka58@lagostrade.com,Kaduna,2025-02-25,C20
C95,Grace,Adeyemi,grace.adeyemi11@lagostrade.com,Kwara,2025-01-21,C17
C96,Ifeoma,Oke,ifeoma.oke17@afrilogistics.com,Kano,2025-09-28,
C97,Chinedu,Adeyemi,chinedu.adeyemi50@gmail.com,Kano,2025-04-25,
C98,Emeka,Okafor,emeka.okafor36@yahoo.com,Anambra,2025-11-27,
C99,Ifeoma,Ojo,ifeoma.ojo4@gmail.com,Cross River,2025-12-27,
C100,Aisha,Okafor,aisha.okafor11@yahoo.com,Kano,2025-04-27,
C101,Uche,Olawale,uche.olawale92@yahoo.com,Cross River,2025-07-05,
C102,Ngozi,Okafor,ngozi.okafor27@zenithtech.com,Benue,2025-04-13,C25
C103,Ifeoma,Chukwu,ifeoma.chukwu14@yahoo.com,Ekiti,2025-09-11,
C104,Ifeoma,Ojo,ifeoma.ojo77@gmail.com,Rivers,2025-07-21,C04
C105,Joy,Eze,joy.eze24@gmail.com,Akwa Ibom,2025-08-19,
C106,Sola,Adeyemi,sola.adeyemi43@naijacorp.com,Edo,2025-04-05,
C107,Grace,Chukwu,grace.chukwu48@yahoo.com,Anambra,2025-08-15,C01
C108,Tunde,Ibrahim,tunde.ibrahim16@yahoo.com,Kwara,2025-04-17,
C109,Kunle,Afolabi,kunle.afolabi26@yahoo.com,Imo,2025-10-05,
C110,Ngozi,Ogunleye,ngozi.ogunleye4@yahoo.com,Cross River,2025-05-07,
C111,Amaka,Balogun,amaka.balogun9@yahoo.com,Abuja FCT,2025-05-12,C09
C112,Joy,Ogunleye,joy.ogunleye79@yahoo.com,Abuja FCT,2025-05-15,
C113,Sola,Ibrahim,sola.ibrahim4@gmail.com,Kaduna,2025-02-24,
C114,Maryam,Onyeka,maryam.onyeka64@lagostrade.com,Rivers,2025-09-12,C103
C115,Kunle,Eze,kunle.eze41@yahoo.com,Plateau,2025-07-05,
C116,Joy,Abubakar,joy.abubakar97@yahoo.com,Delta,2025-05-07,
C117,Aisha,Ojo,aisha.ojo21@yahoo.com,Cross River,2025-02-23,
C118,Bola,Adewale,bola.adewale54@gmail.com,Benue,2025-12-30,
C119,Sadiq,Olawale,sadiq.olawale80@yahoo.com,Kaduna,2025-10-03,
C120,Chinedu,Nwankwo,chinedu.nwankwo48@yahoo.com,Kano,2025-05-14,C32
C121,Sadiq,Olawale,sadiq.olawale75@yahoo.com,Edo,2025-06-17,C33
C122,Ifeoma,Mohammed,ifeoma.mohammed84@gmail.com,Plateau,2025-01-19,C61
C123,Ifeoma,Chukwu,ifeoma.chukwu38@zenithtech.com,Kaduna,2025-03-03,C77
C124,Samuel,Bello,samuel.bello66@afrilogistics.com,Delta,2025-08-18,
C125,Emeka,Adeyemi,emeka.adeyemi28@yahoo.com,Abuja FCT,2025-07-08,C06
C126,Ngozi,Ibrahim,ngozi.ibrahim2@gmail.com,Anambra,2025-07-29,
C127,Sadiq,Adewale,sadiq.adewale5@gmail.com,Benue,2025-10-08,
C128,Hassan,Adeyemi,hassan.adeyemi82@naijacorp.com,Kwara,2025-02-16,
C129,Amaka,Ibrahim,amaka.ibrahim86@yahoo.com,Enugu,2025-08-02,
C130,Kunle,Oke,kunle.oke54@lagostrade.com,Lagos,2025-07-06,
C131,Amaka,Onyeka,amaka.onyeka56@gmail.com,Delta,2025-08-05,C24
C132,Amaka,Oke,amaka.oke99@lagostrade.com,Delta,2025-03-08,C37
C133,Amaka,Abubakar,amaka.abubakar95@yahoo.com,Niger,2025-03-29,C73
C134,Sadiq,Mohammed,sadiq.mohammed14@gmail.com,Akwa Ibom,2025-09-09,
C135,Ngozi,Nwankwo,ngozi.nwankwo62@gmail.com,Anambra,2025-01-28,
C136,Amaka,Abubakar,amaka.abubakar82@naijacorp.com,Kaduna,2025-11-14,
C137,Ngozi,Ojo,ngozi.ojo6@gmail.com,Akwa Ibom,2025-09-23,C92
C138,Chinedu,Eze,chinedu.eze6@gmail.com,Kwara,2025-12-11,C83
C139,Chinedu,Onyeka,chinedu.onyeka84@yahoo.com,Cross River,2025-06-07,
C140,Hassan,Onyeka,hassan.onyeka65@yahoo.com,Plateau,2025-04-02,C126
C141,Maryam,Olawale,maryam.olawale23@yahoo.com,Benue,2025-07-24,C33
C142,Uche,Afolabi,uche.afolabi65@yahoo.com,Niger,2025-12-03,C34
C143,Tunde,Ogunleye,tunde.ogunleye7@zenithtech.com,Niger,2025-07-13,
C144,Fatima,Okafor,fatima.okafor25@zenithtech.com,Rivers,2025-09-09,C43
C145,Ifeoma,Abubakar,ifeoma.abubakar21@afrilogistics.com,Anambra,2025-11-11,C117
C146,Fatima,Ibrahim,fatima.ibrahim27@yahoo.com,Osun,2025-05-15,
C147,Ifeoma,Ogunleye,ifeoma.ogunleye24@gmail.com,Akwa Ibom,2025-03-24,
C148,Bola,Ogunleye,bola.ogunleye34@naijacorp.com,Oyo,2025-09-29,C93
C149,Maryam,Usman,maryam.usman33@gmail.com,Kwara,2025-11-19,
C150,Uche,Ibrahim,uche.ibrahim74@yahoo.com,Rivers,2025-07-04,C21
C151,Maryam,Olawale,maryam.olawale38@gmail.com,Niger,2025-05-10,C150
C152,Sola,Okafor,sola.okafor20@gmail.com,Enugu,2025-11-12,
C153,Hassan,Mohammed,hassan.mohammed17@gmail.com,Benue,2025-04-27,
C154,Aisha,Okafor,aisha.okafor39@yahoo.com,Oyo,2025-09-25,
C155,Ifeoma,Afolabi,ifeoma.afolabi27@gmail.com,Imo,2025-11-16,
C156,Sadiq,Eze,sadiq.eze91@gmail.com,Rivers,2025-08-19,C38
C157,Bola,Onyeka,bola.onyeka8@zenithtech.com,Kwara,2025-06-29,
C158,Samuel,Chukwu,samuel.chukwu32@yahoo.com,Delta,2025-01-01,C137
C159,Emeka,Onyeka,emeka.onyeka8@gmail.com,Oyo,2025-01-07,
C160,Ngozi,Eze,ngozi.eze79@yahoo.com,Delta,2025-09-18,C77
C161,Aisha,Ojo,aisha.ojo49@gmail.com,Cross River,2025-08-27,C116
C162,Sadiq,Olawale,sadiq.olawale30@afrilogistics.com,Abuja FCT,2025-03-05,C68
C163,Aisha,Ibrahim,aisha.ibrahim88@yahoo.com,Niger,2025-05-16,C56
C164,Tunde,Mohammed,tunde.mohammed31@yahoo.com,Edo,2025-03-23,
C165,Sola,Bello,sola.bello77@afrilogistics.com,Kaduna,2025-07-14,
C166,David,Ojo,david.ojo4@gmail.com,Cross River,2025-04-30,
C167,Kunle,Bello,kunle.bello73@gmail.com,Delta,2025-03-16,C29
C168,Chinedu,Adewale,chinedu.adewale19@afrilogistics.com,Lagos,2025-01-16,C165
C169,Aisha,Abubakar,aisha.abubakar76@gmail.com,Imo,2025-04-13,
C170,David,Abubakar,david.abubakar14@lagostrade.com,Kaduna,2025-04-16,C09
C171,Aisha,Abubakar,aisha.abubakar62@afrilogistics.com,Oyo,2025-03-09,C166
C172,Ngozi,Nwankwo,ngozi.nwankwo34@yahoo.com,Lagos,2025-06-29,C73
C173,Aisha,Lawal,aisha.lawal37@lagostrade.com,Ekiti,2025-01-16,
C174,Emeka,Afolabi,emeka.afolabi45@gmail.com,Benue,2025-12-27,C145
C175,Ngozi,Abubakar,ngozi.abubakar22@yahoo.com,Cross River,2025-01-01,
C176,Kunle,Balogun,kunle.balogun13@yahoo.com,Benue,2025-12-22,
C177,Sadiq,Ojo,sadiq.ojo74@yahoo.com,Delta,2025-05-26,
C178,Ifeoma,Ojo,ifeoma.ojo63@gmail.com,Kwara,2025-02-23,
C179,Uche,Adeyemi,uche.adeyemi96@yahoo.com,Ogun,2025-08-05,
C180,Emeka,Lawal,emeka.lawal55@yahoo.com,Kwara,2025-09-14,C162
C181,Ifeoma,Chukwu,ifeoma.chukwu45@gmail.com,Osun,2025-06-17,
C182,Maryam,Usman,maryam.usman60@gmail.com,Plateau,2025-12-19,
C183,Samuel,Olawale,samuel.olawale83@yahoo.com,Kaduna,2025-09-17,C78
C184,Joy,Eze,joy.eze93@gmail.com,Anambra,2025-11-05,
C185,Sadiq,Olawale,sadiq.olawale34@gmail.com,Oyo,2025-03-26,
C186,Chinedu,Bello,chinedu.bello39@gmail.com,Enugu,2025-08-11,C28
C187,Chinedu,Ibrahim,chinedu.ibrahim60@yahoo.com,Abuja FCT,2025-01-07,
C188,Hassan,Olawale,hassan.olawale60@yahoo.com,Lagos,2025-03-14,C104
C189,Emeka,Olawale,emeka.olawale90@lagostrade.com,Osun,2025-10-28,
C190,Hassan,Olawale,hassan.olawale87@gmail.com,Delta,2025-11-25,C111
C191,Sola,Ibrahim,sola.ibrahim54@gmail.com,Kaduna,2025-07-24,
C192,Sadiq,Ibrahim,sadiq.ibrahim59@lagostrade.com,Lagos,2025-11-15,
C193,Grace,Okeke,grace.okeke2@afrilogistics.com,Akwa Ibom,2025-09-08,
C194,Chinedu,Balogun,chinedu.balogun21@gmail.com,Edo,2025-09-23,C148
C195,Maryam,Usman,maryam.usman66@yahoo.com,Lagos,2025-11-24,
C196,Uche,Mohammed,uche.mohammed27@yahoo.com,Delta,2025-07-20,
C197,Chinedu,Adewale,chinedu.adewale33@gmail.com,Kano,2025-07-15,
C198,Emeka,Abubakar,emeka.abubakar81@yahoo.com,Imo,2025-10-25,C58
C199,Kunle,Onyeka,kunle.onyeka51@naijacorp.com,Plateau,2025-04-19,C18
C200,Ngozi,Ojo,ngozi.ojo19@gmail.com,Imo,2025-12-08,
C201,Hassan,Chukwu,hassan.chukwu61@naijacorp.com,Imo,2025-04-28,C97
C202,Bola,Afolabi,bola.afolabi1@yahoo.com,Kano,2025-07-03,C78
C203,Sola,Ojo,sola.ojo85@gmail.com,Imo,2025-03-20,
C204,Amaka,Balogun,amaka.balogun18@yahoo.com,Niger,2025-06-26,
C205,Emeka,Okafor,emeka.okafor84@gmail.com,Enugu,2025-05-09,
C206,Samuel,Eze,samuel.eze58@naijacorp.com,Imo,2025-03-20,C104
C207,David,Okeke,david.okeke86@gmail.com,Kwara,2025-11-22,
C208,Ngozi,Ojo,ngozi.ojo95@gmail.com,Plateau,2025-12-10,
C209,David,Adeyemi,david.adeyemi18@gmail.com,Benue,2025-09-10,
C210,Abdul,Chukwu,abdul.chukwu32@lagostrade.com,Benue,2025-03-26,
C211,Emeka,Okeke,emeka.okeke90@lagostrade.com,Osun,2025-09-12,
C212,Maryam,Lawal,maryam.lawal24@gmail.com,Imo,2025-11-22,
C213,Emeka,Adewale,emeka.adewale13@yahoo.com,Niger,2025-09-05,
C214,Fatima,Balogun,fatima.balogun81@yahoo.com,Rivers,2025-06-23,C169
C215,Uche,Ogunleye,uche.ogunleye37@gmail.com,Cross River,2025-06-25,
C216,David,Balogun,david.balogun46@afrilogistics.com,Benue,2025-07-26,C70
C217,Grace,Lawal,grace.lawal16@lagostrade.com,Anambra,2025-04-09,C77
C218,Fatima,Oke,fatima.oke6@zenithtech.com,Akwa Ibom,2025-10-11,
C219,David,Oke,david.oke14@yahoo.com,Lagos,2025-01-24,C122
C220,Joy,Balogun,joy.balogun79@lagostrade.com,Rivers,2025-11-17,
C221,Joy,Abubakar,joy.abubakar81@yahoo.com,Delta,2025-02-21,
C222,Aisha,Afolabi,aisha.afolabi48@zenithtech.com,Rivers,2025-06-08,
C223,Bola,Nwankwo,bola.nwankwo41@gmail.com,Lagos,2025-08-09,
C224,Samuel,Balogun,samuel.balogun16@gmail.com,Cross River,2025-10-22,
C225,Amaka,Chukwu,amaka.chukwu77@yahoo.com,Osun,2025-12-04,
C226,Abdul,Afolabi,abdul.afolabi83@gmail.com,Benue,2025-04-19,
C227,Emeka,Afolabi,emeka.afolabi12@gmail.com,Edo,2025-03-04,C05
C228,Bola,Oke,bola.oke7@gmail.com,Imo,2025-12-22,
C229,Tunde,Nwankwo,tunde.nwankwo59@yahoo.com,Kano,2025-01-27,
C230,Emeka,Balogun,emeka.balogun50@gmail.com,Enugu,2025-06-09,
C231,Sadiq,Ojo,sadiq.ojo48@yahoo.com,Osun,2025-08-13,
C232,Sadiq,Eze,sadiq.eze47@zenithtech.com,Delta,2025-11-19,
C233,Abdul,Onyeka,abdul.onyeka35@lagostrade.com,Osun,2025-06-20,C16
C234,Joy,Adewale,joy.adewale20@gmail.com,Ekiti,2025-06-08,
C235,Ifeoma,Onyeka,ifeoma.onyeka78@yahoo.com,Kaduna,2025-08-20,C01
C236,Sola,Ibrahim,sola.ibrahim76@gmail.com,Abuja FCT,2025-05-28,
C237,Samuel,Eze,samuel.eze45@yahoo.com,Kwara,2025-02-13,
C238,Abdul,Onyeka,abdul.onyeka40@gmail.com,Ekiti,2025-01-30,
C239,Maryam,Bello,maryam.bello50@zenithtech.com,Plateau,2025-10-04,C207
C240,Uche,Abubakar,uche.abubakar67@yahoo.com,Anambra,2025-09-02,
C241,Ngozi,Bello,ngozi.bello24@gmail.com,Enugu,2025-07-05,
C242,Uche,Onyeka,uche.onyeka32@naijacorp.com,Abuja FCT,2025-09-10,
C243,Chinedu,Lawal,chinedu.lawal20@gmail.com,Anambra,2025-11-02,C72
C244,Grace,Adewale,grace.adewale27@gmail.com,Osun,2025-09-06,
C245,Ngozi,Ibrahim,ngozi.ibrahim55@afrilogistics.com,Oyo,2025-08-17,
C246,Joy,Eze,joy.eze44@gmail.com,Edo,2025-04-03,
C247,Emeka,Balogun,emeka.balogun91@yahoo.com,Plateau,2025-09-07,
C248,Tunde,Adewale,tunde.adewale91@gmail.com,Ogun,2025-05-12,C60
C249,Tunde,Mohammed,tunde.mohammed21@yahoo.com,Imo,2025-05-01,
C250,Ifeoma,Okeke,ifeoma.okeke46@yahoo.com,Abuja FCT,2025-10-11,
C251,Aisha,Ibrahim,aisha.ibrahim8@lagostrade.com,Oyo,2025-03-16,C02
C252,Ngozi,Nwankwo,ngozi.nwankwo98@yahoo.com,Oyo,2025-08-30,C66
C253,Amaka,Adeyemi,amaka.adeyemi22@yahoo.com,Plateau,2025-05-03,
C254,Emeka,Chukwu,emeka.chukwu5@gmail.com,Delta,2025-04-23,C159
C255,Uche,Eze,uche.eze50@zenithtech.com,Lagos,2025-11-18,C249
C256,Sola,Ogunleye,sola.ogunleye15@lagostrade.com,Imo,2025-03-15,C189
C257,Aisha,Okeke,aisha.okeke57@gmail.com,Rivers,2025-05-17,
C258,Ifeoma,Eze,ifeoma.eze43@yahoo.com,Delta,2025-05-14,
C259,Sola,Chukwu,sola.chukwu20@zenithtech.com,Niger,2025-01-30,
C260,Ngozi,Usman,ngozi.usman16@yahoo.com,Kano,2025-04-14,
C261,Hassan,Ibrahim,hassan.ibrahim13@naijacorp.com,Akwa Ibom,2025-05-29,
C262,Sadiq,Balogun,sadiq.balogun19@afrilogistics.com,Lagos,2025-08-15,
C263,Sola,Mohammed,sola.mohammed68@gmail.com,Enugu,2025-04-06,
C264,Aisha,Afolabi,aisha.afolabi18@gmail.com,Delta,2025-09-25,
C265,Sadiq,Bello,sadiq.bello78@gmail.com,Benue,2025-05-21,C71
C266,Joy,Bello,joy.bello2@gmail.com,Ogun,2025-12-21,
C267,Hassan,Balogun,hassan.balogun43@yahoo.com,Enugu,2025-11-24,
C268,Abdul,Abubakar,abdul.abubakar18@yahoo.com,Kano,2025-05-08,C188
C269,Aisha,Okeke,aisha.okeke46@gmail.com,Niger,2025-08-17,
C270,Tunde,Adeyemi,tunde.adeyemi42@gmail.com,Akwa Ibom,2025-10-23,
C271,Aisha,Nwankwo,aisha.nwankwo58@lagostrade.com,Niger,2025-01-14,
C272,David,Eze,david.eze29@gmail.com,Ekiti,2025-04-04,C160
C273,Bola,Usman,bola.usman3@zenithtech.com,Oyo,2025-12-24,
C274,Bola,Okafor,bola.okafor67@lagostrade.com,Kaduna,2025-12-26,
C275,Uche,Adeyemi,uche.adeyemi35@gmail.com,Oyo,2025-08-27,
C276,Grace,Ibrahim,grace.ibrahim52@gmail.com,Rivers,2025-10-05,
C277,Ifeoma,Eze,ifeoma.eze96@yahoo.com,Akwa Ibom,2025-03-26,
C278,Emeka,Onyeka,emeka.onyeka51@gmail.com,Abuja FCT,2025-07-05,C124
C279,Sola,Afolabi,sola.afolabi52@afrilogistics.com,Kwara,2025-01-28,C76
C280,Uche,Olawale,uche.olawale47@zenithtech.com,Oyo,2025-09-29,C167
C281,Hassan,Bello,hassan.bello29@gmail.com,Rivers,2025-08-04,
C282,Maryam,Balogun,maryam.balogun5@zenithtech.com,Ekiti,2025-05-17,
C283,Joy,Ibrahim,joy.ibrahim80@gmail.com,Oyo,2025-05-09,C07
C284,Hassan,Olawale,hassan.olawale15@afrilogistics.com,Enugu,2025-06-27,
C285,Chinedu,Balogun,chinedu.balogun11@yahoo.com,Plateau,2025-10-30,
C286,Fatima,Chukwu,fatima.chukwu38@gmail.com,Cross River,2025-10-23,C125
C287,Tunde,Usman,tunde.usman79@yahoo.com,Osun,2025-04-24,
C288,Ngozi,Usman,ngozi.usman71@yahoo.com,Enugu,2025-11-10,
C289,Kunle,Okafor,kunle.okafor25@gmail.com,Niger,2025-10-07,
C290,Samuel,Onyeka,samuel.onyeka21@yahoo.com,Kaduna,2025-06-15,
C291,Abdul,Ibrahim,abdul.ibrahim38@gmail.com,Abuja FCT,2025-01-12,C35
C292,Joy,Lawal,joy.lawal67@gmail.com,Akwa Ibom,2025-08-14,
C293,Chinedu,Mohammed,chinedu.mohammed54@gmail.com,Anambra,2025-12-09,
C294,Ngozi,Adewale,ngozi.adewale67@yahoo.com,Oyo,2025-09-01,C66
C295,Hassan,Adeyemi,hassan.adeyemi64@gmail.com,Akwa Ibom,2025-10-20,C144
C296,Joy,Adewale,joy.adewale89@yahoo.com,Plateau,2025-05-28,
C297,Kunle,Lawal,kunle.lawal83@yahoo.com,Anambra,2025-01-04,
C298,Abdul,Onyeka,abdul.onyeka69@gmail.com,Enugu,2025-03-16,
C299,Amaka,Oke,amaka.oke42@yahoo.com,Ekiti,2025-05-05,
C300,Ngozi,Afolabi,ngozi.afolabi4@zenithtech.com,Abuja FCT,2025-05-12,
